               epoch,      train/box_loss,      train/obj_loss,      train/cls_loss,   metrics/precision,      metrics/recall,     metrics/mAP_0.5,metrics/mAP_0.5:0.95,        val/box_loss,        val/obj_loss,        val/cls_loss,               x/lr0,               x/lr1,               x/lr2
                   0,             0.11479,            0.060871,            0.041774,           0.0027548,            0.083333,           0.0025052,           0.0012526,            0.098279,            0.036912,            0.039172,              0.0784,              0.0024,              0.0024
                   1,             0.10542,            0.068884,            0.039783,           0.0028004,             0.27778,           0.0038961,          0.00096864,            0.078008,            0.038639,            0.037369,             0.05493,           0.0039298,           0.0039298
                   2,            0.097698,            0.071509,            0.037151,           0.0061042,             0.58333,            0.012242,           0.0032221,             0.07173,            0.038301,            0.035567,             0.03047,           0.0044696,           0.0044696
                   3,            0.092496,            0.080224,            0.035481,           0.0070229,             0.61111,            0.036331,             0.01055,            0.071466,            0.036928,            0.034503,           0.0050194,           0.0040194,           0.0040194
                   4,            0.089891,            0.086117,            0.034599,           0.0077087,             0.61111,            0.042498,            0.011424,            0.074645,            0.036197,            0.035338,             0.00208,             0.00208,             0.00208
